{"cameraMode":{"drawMode":0,"name":"Shaded","section":"Shading Mode"},"sceneLighting":true,"audioPlay":false,"sceneViewState":{"m_AlwaysRefresh":false,"showFog":true,"showSkybox":true,"showFlares":true,"showImageEffects":true,"showParticleSystems":true,"showVisualEffectGraphs":true,"m_FxEnabled":true},"in2DMode":false,"pivot":{"x":3.4237253665924074,"y":9.252588272094727,"z":-18.12849998474121},"rotation":{"x":-0.01318927388638258,"y":-0.003004471305757761,"z":-0.00003732950790436007,"w":0.9999020099639893},"size":0.8660253882408142,"orthographic":false}