{"cameraMode":{"drawMode":0,"name":"Shaded","section":"Shading Mode"},"sceneLighting":false,"audioPlay":false,"sceneViewState":{"m_AlwaysRefresh":false,"showFog":true,"showSkybox":false,"showFlares":true,"showImageEffects":true,"showParticleSystems":true,"showVisualEffectGraphs":true,"m_FxEnabled":true},"in2DMode":false,"pivot":{"x":2.4349489212036135,"y":0.9291192889213562,"z":-1.4979273080825806},"rotation":{"x":0.016794750466942788,"y":-0.04048825800418854,"z":0.0006806012243032455,"w":0.9990375638008118},"size":0.8660253882408142,"orthographic":false}