{"cameraMode":{"drawMode":0,"name":"Shaded","section":"Shading Mode"},"sceneLighting":false,"audioPlay":false,"sceneViewState":{"m_AlwaysRefresh":false,"showFog":true,"showSkybox":false,"showFlares":true,"showImageEffects":true,"showParticleSystems":true,"showVisualEffectGraphs":true,"m_FxEnabled":true},"in2DMode":false,"pivot":{"x":0.1875365674495697,"y":0.7176733613014221,"z":-0.14321358501911164},"rotation":{"x":0.04359981417655945,"y":-0.09427361935377121,"z":0.004132681991904974,"w":0.9945790767669678},"size":1.8708287477493287,"orthographic":false}