{"cameraMode":{"drawMode":0,"name":"Shaded","section":"Shading Mode"},"sceneLighting":false,"audioPlay":false,"sceneViewState":{"m_AlwaysRefresh":false,"showFog":true,"showSkybox":false,"showFlares":true,"showImageEffects":true,"showParticleSystems":true,"showVisualEffectGraphs":true,"m_FxEnabled":true},"in2DMode":false,"pivot":{"x":0.6554072499275208,"y":1.580344796180725,"z":-1.5948623418807984},"rotation":{"x":0.045290492475032809,"y":-0.011992450803518296,"z":0.0005436898209154606,"w":0.9988995790481567},"size":0.8660253882408142,"orthographic":false}